{
  "faithfulness": 0.7191296950912336,
  "answer_relevancy": 0.7159112037421832,
  "context_precision": 0.851153846128375,
  "context_recall": 0.7948717948717948
}